currency,risk,ticker,weight
USD,0.0,399001.SZ,0.0012411469633104803
USD,0.0,AGG,0.0
USD,0.0,BBH,0.0003402935494507299
USD,0.0,DBC,0.0
USD,0.0,EWH,0.0006625094213694544
USD,0.0,EWJ,-0.0005259970138645708
USD,0.0,EWL,0.0
USD,0.0,EWM,0.0
USD,0.0,EWS,0.0
USD,0.0,EWT,0.0
USD,0.0,EWW,0.0
USD,0.0,EZA,-0.00022250465349394298
USD,0.0,FXE,-0.0027579008761411455
USD,0.0,GLD,0.0040271941731070075
USD,0.0,IBB,0.00038183791760830477
USD,0.0,IEF,0.0
USD,0.0,IGE,0.0
USD,0.0,ILF,0.0
USD,0.0,IXP,0.0
USD,0.0,IYF,0.0004449425389199347
USD,0.0,IYR,0.0
USD,0.0,IYT,0.0
USD,0.0,LQD,0.0
USD,0.0,PA=F,0.000229700606037893
USD,0.0,PBJ,0.0
USD,0.0,PBW,-0.0019297944090791868
USD,0.0,PEJ,0.0
USD,0.0,PFM,0.0
USD,0.0,SHY,0.038222862882697904
USD,0.0,SI=F,0.0
USD,0.0,SMH,0.0029036799309879475
USD,0.0,SPYG,0.0031442539371230524
USD,0.0,TIP,0.0
USD,0.0,VOX,0.0
USD,0.0,VPU,0.00037664173349488624
USD,0.0,VWO,-0.0015265577894833207
USD,0.0,XLB,0.0
USD,0.0,XLP,0.003104323392138151
USD,0.0,XLV,0.0
USD,0.0,^AXJO,-0.002485357788823121
USD,0.0,^BSESN,0.0014025861717491149
USD,0.0,^HSI,0.0
USD,0.0,SGD,0.0
USD,0.0,USD,0.9340699142511197
USD,1.0,399001.SZ,0.009548742337670987
USD,1.0,AGG,0.0
USD,1.0,BBH,0.003149606544254014
USD,1.0,DBC,0.0
USD,1.0,EPP,-0.0032695584800670114
USD,1.0,EWH,0.004796820779260053
USD,1.0,EWJ,-0.00514528268956364
USD,1.0,EWL,0.0
USD,1.0,EWM,0.0
USD,1.0,EWS,0.0
USD,1.0,EWT,0.0
USD,1.0,EWW,0.0
USD,1.0,EZA,-0.003237248727658264
USD,1.0,FXE,-0.025343221989036123
USD,1.0,GLD,0.03153965195424124
USD,1.0,IBB,0.002160797248258891
USD,1.0,IEF,0.0
USD,1.0,IGE,0.0
USD,1.0,ILF,0.0
USD,1.0,IXP,0.0
USD,1.0,IYF,0.0012694187745742537
USD,1.0,IYR,0.0
USD,1.0,IYT,0.0
USD,1.0,LQD,0.0
USD,1.0,PA=F,0.0011152986718118922
USD,1.0,PBJ,0.0
USD,1.0,PBW,-0.017176783693014598
USD,1.0,PEJ,0.0
USD,1.0,PFM,0.0
USD,1.0,SHY,0.314898391365708
USD,1.0,SI=F,0.0
USD,1.0,SMH,0.02510769841060889
USD,1.0,SPYG,0.021005907447611327
USD,1.0,TIP,0.0
USD,1.0,VDC,0.027584483822626134
USD,1.0,VOX,0.0
USD,1.0,VPU,0.0
USD,1.0,VWO,-0.015739251265475297
USD,1.0,XLB,0.0
USD,1.0,XLV,0.0017865154697910574
USD,1.0,^BSESN,0.009285225728985757
USD,1.0,^HSI,0.0
USD,1.0,SGD,0.0
USD,1.0,USD,0.47684009459978255
USD,2.0,399001.SZ,0.017898552248695736
USD,2.0,AGG,0.0
USD,2.0,BBH,0.0057637884838289905
USD,2.0,DBC,0.0
USD,2.0,EPP,0.0
USD,2.0,EWH,0.006325431449780772
USD,2.0,EWJ,-0.010472454241717015
USD,2.0,EWL,0.0
USD,2.0,EWM,0.0
USD,2.0,EWS,0.0
USD,2.0,EWT,0.0
USD,2.0,EWW,0.0
USD,2.0,EZA,-0.0060875947919113525
USD,2.0,GLD,0.05886742685414098
USD,2.0,IBB,0.0045860026354799036
USD,2.0,IEF,0.0
USD,2.0,IGE,0.0
USD,2.0,ILF,0.0
USD,2.0,IXP,0.0
USD,2.0,IYF,0.0
USD,2.0,IYR,-0.003997188002912504
USD,2.0,IYT,0.0
USD,2.0,LQD,0.0
USD,2.0,PA=F,0.0014051072190013737
USD,2.0,PBJ,0.0
USD,2.0,PBW,-0.031135087723071386
USD,2.0,PEJ,0.0
USD,2.0,PFM,0.0
USD,2.0,RTH,0.046609077453956774
USD,2.0,SHY,0.5671198947230814
USD,2.0,SI=F,0.0
USD,2.0,SMH,0.04977455588958588
USD,2.0,TIP,0.0
USD,2.0,VDC,0.031156501367580497
USD,2.0,VOX,0.0
USD,2.0,VPU,0.0070208310384040126
USD,2.0,VWO,-0.028723370049679425
USD,2.0,XLB,0.0
USD,2.0,XLV,0.0032733724023720186
USD,2.0,^BSESN,0.01912843340647337
USD,2.0,^HSI,0.0
USD,2.0,EUR,-0.040385741962919657
USD,2.0,SGD,0.0
USD,2.0,USD,0.06026958805540683
USD,3.0,399001.SZ,0.030002073685044
USD,3.0,AGG,0.0
USD,3.0,BBH,0.01369468697616323
USD,3.0,DBC,0.0
USD,3.0,EPP,0.0
USD,3.0,EWH,0.0
USD,3.0,EWJ,-0.007894396473577335
USD,3.0,EWL,0.0
USD,3.0,EWM,0.0
USD,3.0,EWS,0.0
USD,3.0,EWT,0.0
USD,3.0,EWW,0.0
USD,3.0,EZA,-0.01000683522819665
USD,3.0,GLD,0.10177757596681711
USD,3.0,IBB,0.00945962073223838
USD,3.0,IEF,0.043370130804414576
USD,3.0,IGE,0.0
USD,3.0,ILF,0.0
USD,3.0,IXJ,0.0
USD,3.0,IXP,0.0
USD,3.0,IYC,0.03961733592598263
USD,3.0,IYF,0.0
USD,3.0,IYR,0.0
USD,3.0,IYT,0.0
USD,3.0,LQD,0.0
USD,3.0,PA=F,0.003633520741361411
USD,3.0,PBJ,0.0
USD,3.0,PBW,-0.05712033332267591
USD,3.0,PEJ,0.0
USD,3.0,PFM,0.0
USD,3.0,SHY,0.39109986781505235
USD,3.0,SI=F,0.0
USD,3.0,SMH,0.0898921106795803
USD,3.0,TIP,0.0
USD,3.0,VDC,0.08438764709273888
USD,3.0,VOX,0.0
USD,3.0,VPU,0.004527062157611081
USD,3.0,VWO,-0.03940144429544017
USD,3.0,XLB,0.0
USD,3.0,^BSESN,0.023341418432320033
USD,3.0,^HSI,0.0
USD,3.0,EUR,-0.050773939670785896
USD,3.0,SGD,0.0
USD,3.0,USD,0.0
USD,4.0,399001.SZ,0.03886885864659741
USD,4.0,AGG,0.0
USD,4.0,BBH,0.018797141157472205
USD,4.0,DBC,0.0
USD,4.0,EPP,0.0
USD,4.0,EWH,0.0
USD,4.0,EWJ,-0.009830060961627338
USD,4.0,EWL,0.0
USD,4.0,EWM,0.0
USD,4.0,EWS,0.0
USD,4.0,EWT,0.0
USD,4.0,EWW,0.0
USD,4.0,EZA,-0.011261259885343449
USD,4.0,GLD,0.13732022306580904
USD,4.0,IBB,0.010998249514677374
USD,4.0,IEF,0.11552239392342861
USD,4.0,IGE,0.0
USD,4.0,ILF,0.0
USD,4.0,IXJ,0.0
USD,4.0,IXP,0.0
USD,4.0,IYC,0.034580287109320984
USD,4.0,IYR,0.0
USD,4.0,IYT,0.0
USD,4.0,KIE,0.022883018981507644
USD,4.0,LQD,0.0
USD,4.0,PA=F,0.005068267554519337
USD,4.0,PBJ,0.0
USD,4.0,PBW,-0.07844334733519008
USD,4.0,PEJ,0.0
USD,4.0,PFM,0.0
USD,4.0,SHY,0.14786435333126677
USD,4.0,SI=F,0.0
USD,4.0,SMH,0.12464502164096193
USD,4.0,TIP,0.0
USD,4.0,VDC,0.10579817653369918
USD,4.0,VOX,0.0
USD,4.0,VPU,0.0
USD,4.0,VWO,-0.05381359226481404
USD,4.0,XLB,0.0
USD,4.0,^BSESN,0.026744212917112778
USD,4.0,^HSI,0.0
USD,4.0,EUR,-0.057561535176651815
USD,4.0,SGD,0.0
USD,4.0,USD,0.0
USD,5.0,399001.SZ,0.053997543007543065
USD,5.0,AGG,0.0
USD,5.0,BBH,0.042140517766982535
USD,5.0,DBC,0.0
USD,5.0,DVY,0.0
USD,5.0,EPP,0.0
USD,5.0,EWH,0.0
USD,5.0,EWJ,0.0
USD,5.0,EWM,0.0
USD,5.0,EWO,0.0
USD,5.0,EWS,0.0
USD,5.0,EWT,0.0
USD,5.0,EWW,0.0
USD,5.0,EZA,-0.01167320475981608
USD,5.0,GLD,0.2054672402459609
USD,5.0,IBB,0.004048007955953896
USD,5.0,IEF,0.09663011381361768
USD,5.0,IGE,0.0
USD,5.0,ILF,0.0
USD,5.0,IXJ,0.0
USD,5.0,IXP,0.0
USD,5.0,IYC,0.041487680304764255
USD,5.0,IYG,0.0
USD,5.0,IYT,0.0
USD,5.0,LQD,0.0
USD,5.0,PA=F,0.010253011526749513
USD,5.0,PBJ,0.0
USD,5.0,PBW,-0.1194695950236861
USD,5.0,PEJ,0.0
USD,5.0,SHY,0.0
USD,5.0,SI=F,0.0
USD,5.0,SMH,0.192974886846421
USD,5.0,TIP,0.0
USD,5.0,VDC,0.17536637914664802
USD,5.0,VNQ,0.0
USD,5.0,VOX,0.0
USD,5.0,VPU,0.0023631655557838694
USD,5.0,VWO,-0.03603019535108503
USD,5.0,XLB,0.0
USD,5.0,^BSESN,0.008098458694987909
USD,5.0,^HSI,0.0
USD,5.0,EUR,0.0
USD,5.0,SGD,0.0
USD,5.0,USD,0.0
USD,6.0,399001.SZ,0.05898058108574876
USD,6.0,AGG,0.0
USD,6.0,BBH,0.058614933170689144
USD,6.0,DBC,0.0
USD,6.0,DVY,0.0
USD,6.0,EPP,0.0
USD,6.0,EWH,0.0
USD,6.0,EWJ,0.0
USD,6.0,EWM,0.0
USD,6.0,EWO,0.0
USD,6.0,EWS,0.0
USD,6.0,EWT,0.0
USD,6.0,EWW,0.0
USD,6.0,EZA,-0.0022099938232837796
USD,6.0,GLD,0.25247408485661094
USD,6.0,IBB,0.0
USD,6.0,IEF,0.008989945259220618
USD,6.0,ILF,0.0
USD,6.0,IXJ,0.0
USD,6.0,IXP,0.0
USD,6.0,IYC,0.013037509700221644
USD,6.0,IYE,0.0
USD,6.0,IYG,0.0
USD,6.0,IYT,0.0
USD,6.0,LQD,0.0
USD,6.0,PA=F,0.012698149183359665
USD,6.0,PBJ,0.0
USD,6.0,PBW,-0.14455800752081582
USD,6.0,PEJ,0.0
USD,6.0,SHY,0.0
USD,6.0,SI=F,0.0
USD,6.0,SMH,0.2383547717232938
USD,6.0,TIP,0.0
USD,6.0,VDC,0.20663965662784703
USD,6.0,VNQ,0.0
USD,6.0,VOX,0.0
USD,6.0,VPU,0.00026351306782426074
USD,6.0,VWO,-0.003178853981084509
USD,6.0,XLB,0.0
USD,6.0,^BSESN,0.0
USD,6.0,^HSI,0.0
USD,6.0,EUR,0.0
USD,6.0,SGD,0.0
USD,6.0,USD,0.0
USD,7.0,399001.SZ,0.05884973787377202
USD,7.0,AGG,0.0
USD,7.0,BBH,0.08004263807448021
USD,7.0,DBC,0.0
USD,7.0,EPP,0.0
USD,7.0,EWH,0.0
USD,7.0,EWJ,0.0
USD,7.0,EWM,0.0
USD,7.0,EWO,0.0
USD,7.0,EWS,0.0
USD,7.0,EWT,0.0
USD,7.0,EWW,0.0
USD,7.0,EZA,0.0
USD,7.0,FXI,0.0
USD,7.0,GLD,0.30410403363866634
USD,7.0,IBB,0.0
USD,7.0,IEF,0.0
USD,7.0,ILF,0.0
USD,7.0,IXJ,0.0
USD,7.0,IXP,0.0
USD,7.0,IYC,0.0
USD,7.0,IYE,0.0
USD,7.0,IYG,0.0
USD,7.0,IYT,0.0
USD,7.0,LQD,0.0
USD,7.0,PA=F,0.02487574108462698
USD,7.0,PBJ,0.0
USD,7.0,PBW,-0.10388717792623654
USD,7.0,PEJ,0.0
USD,7.0,SHY,0.0
USD,7.0,SI=F,0.0
USD,7.0,SMH,0.330129709793453
USD,7.0,TIP,0.0
USD,7.0,VDC,0.09811096160876491
USD,7.0,VNQ,0.0
USD,7.0,VOX,0.0
USD,7.0,VPU,0.0
USD,7.0,VWO,0.0
USD,7.0,XLB,0.0
USD,7.0,XLI,0.0
USD,7.0,^BSESN,0.0
USD,7.0,EUR,0.0
USD,7.0,SGD,0.0
USD,7.0,USD,0.0
USD,8.0,399001.SZ,0.058226173540124306
USD,8.0,AGG,0.0
USD,8.0,BBH,0.09563859391729562
USD,8.0,DBC,0.0
USD,8.0,EPP,0.0
USD,8.0,EWH,0.0
USD,8.0,EWJ,0.0
USD,8.0,EWM,0.0
USD,8.0,EWO,0.0
USD,8.0,EWS,0.0
USD,8.0,EWT,0.0
USD,8.0,EWW,0.0
USD,8.0,EZA,0.0
USD,8.0,FXI,0.0
USD,8.0,GLD,0.3421350847977763
USD,8.0,IBB,0.0
USD,8.0,IEF,0.0
USD,8.0,ILF,0.0
USD,8.0,IXJ,0.0
USD,8.0,IXP,0.0
USD,8.0,IYE,0.0
USD,8.0,IYG,0.0
USD,8.0,IYT,0.0
USD,8.0,LQD,0.0
USD,8.0,PA=F,0.03442616240331055
USD,8.0,PBJ,0.0
USD,8.0,PBW,-0.0691080551397207
USD,8.0,PEJ,0.0
USD,8.0,SHY,0.0
USD,8.0,SI=F,0.0
USD,8.0,SMH,0.39779205225944847
USD,8.0,TIP,0.0
USD,8.0,VDC,0.0026738779423240333
USD,8.0,VNQ,0.0
USD,8.0,VOX,0.0
USD,8.0,VPU,0.0
USD,8.0,VWO,0.0
USD,8.0,XLB,0.0
USD,8.0,XLI,0.0
USD,8.0,XLY,0.0
USD,8.0,^BSESN,0.0
USD,8.0,EUR,0.0
USD,8.0,SGD,0.0
USD,8.0,USD,0.0
USD,9.0,399001.SZ,0.03717146360901185
USD,9.0,AGG,0.0
USD,9.0,BBH,0.134674349173756
USD,9.0,DBC,0.0
USD,9.0,EPP,0.0
USD,9.0,EWH,0.0
USD,9.0,EWJ,0.0
USD,9.0,EWM,0.0
USD,9.0,EWO,0.0
USD,9.0,EWS,0.0
USD,9.0,EWT,0.0
USD,9.0,EWW,0.0
USD,9.0,EWZ,0.0
USD,9.0,EZA,0.0
USD,9.0,FXI,0.0
USD,9.0,GLD,0.22043412864564316
USD,9.0,IBB,0.0
USD,9.0,IEF,0.0
USD,9.0,ISCV,0.0
USD,9.0,IXJ,0.0
USD,9.0,IXP,0.0
USD,9.0,IYE,0.0
USD,9.0,IYG,0.0
USD,9.0,IYT,0.0
USD,9.0,LQD,0.0
USD,9.0,PA=F,0.05651666016326241
USD,9.0,PBJ,0.0
USD,9.0,PBW,0.0
USD,9.0,PEJ,0.0
USD,9.0,SHY,0.0
USD,9.0,SI=F,0.1213601688022569
USD,9.0,SOXX,0.42984322960606974
USD,9.0,TIP,0.0
USD,9.0,VDC,0.0
USD,9.0,VNQ,0.0
USD,9.0,VOX,0.0
USD,9.0,VPU,0.0
USD,9.0,VWO,0.0
USD,9.0,XLB,0.0
USD,9.0,XLY,0.0
USD,9.0,^BSESN,0.0
USD,9.0,EUR,0.0
USD,9.0,SGD,0.0
USD,9.0,USD,0.0
USD,10.0,399001.SZ,0.0
USD,10.0,AGG,0.0
USD,10.0,BBH,0.0
USD,10.0,DBC,0.0
USD,10.0,EPP,0.0
USD,10.0,EWH,0.0
USD,10.0,EWJ,0.0
USD,10.0,EWM,0.0
USD,10.0,EWO,0.0
USD,10.0,EWS,0.0
USD,10.0,EWT,0.0
USD,10.0,EWW,0.0
USD,10.0,EWZ,0.0
USD,10.0,EZA,0.0
USD,10.0,FXI,0.0
USD,10.0,GLD,0.0
USD,10.0,IBB,0.0
USD,10.0,IEF,0.0
USD,10.0,IJS,0.0
USD,10.0,IXJ,0.0
USD,10.0,IXP,0.0
USD,10.0,IYG,0.0
USD,10.0,IYT,0.0
USD,10.0,LQD,0.0
USD,10.0,OIH,0.0
USD,10.0,PA=F,0.05018040658394906
USD,10.0,PBJ,0.0
USD,10.0,PBW,0.0
USD,10.0,PEJ,0.0
USD,10.0,SHY,0.0
USD,10.0,SI=F,0.22809882585686037
USD,10.0,SOXX,0.7217207675591906
USD,10.0,TIP,0.0
USD,10.0,VDC,0.0
USD,10.0,VNQ,0.0
USD,10.0,VOX,0.0
USD,10.0,VPU,0.0
USD,10.0,VWO,0.0
USD,10.0,XLB,0.0
USD,10.0,XLY,0.0
USD,10.0,^BSESN,0.0
USD,10.0,EUR,0.0
USD,10.0,SGD,0.0
USD,10.0,USD,0.0
EUR,0.0,399001.SZ,0.0016048912909894263
EUR,0.0,AGG,0.0
EUR,0.0,BBH,0.0006366384113639114
EUR,0.0,DBC,0.0
EUR,0.0,EWC,0.0
EUR,0.0,EWH,0.0008646348875840635
EUR,0.0,EWJ,-0.001166048969079119
EUR,0.0,EWK,-0.0007324553800594176
EUR,0.0,EWL,0.0
EUR,0.0,EWM,0.0
EUR,0.0,EWN,0.0
EUR,0.0,EWO,0.0005121747835151355
EUR,0.0,EWP,0.0016294615010844418
EUR,0.0,EWS,0.0
EUR,0.0,EWT,0.0
EUR,0.0,EWW,0.0
EUR,0.0,EWY,0.0
EUR,0.0,EZA,0.0
EUR,0.0,FXE,0.0
EUR,0.0,FXI,0.0
EUR,0.0,GLD,0.0062490325893154565
EUR,0.0,IBB,0.0
EUR,0.0,IGE,0.0
EUR,0.0,ILF,0.0
EUR,0.0,IXP,0.0
EUR,0.0,IYF,0.0
EUR,0.0,IYR,0.0
EUR,0.0,IYT,0.0
EUR,0.0,LQD,0.0
EUR,0.0,PA=F,0.0003289919997031271
EUR,0.0,PBW,-0.002695625306306133
EUR,0.0,PEJ,0.0
EUR,0.0,PFM,0.0
EUR,0.0,SI=F,0.0
EUR,0.0,SMH,0.003983157392722376
EUR,0.0,SPYG,0.004484707563709336
EUR,0.0,TLT,0.0012465304698951005
EUR,0.0,VOX,0.0
EUR,0.0,VPU,0.0005647460898491013
EUR,0.0,VWO,-0.0029223339914121174
EUR,0.0,XLB,0.0
EUR,0.0,XLP,0.0032410666870160564
EUR,0.0,XLV,0.0
EUR,0.0,^AXJO,-0.0030430712182015086
EUR,0.0,^BSESN,0.001626204170423252
EUR,0.0,^HSI,0.0
EUR,0.0,EUR,0.9550043845516679
EUR,0.0,SGD,0.0
EUR,0.0,USD,-0.007463842746103
EUR,1.0,399001.SZ,0.011257232758771435
EUR,1.0,AGG,0.0
EUR,1.0,BBH,0.004065505314053438
EUR,1.0,DBC,-0.00579577588033863
EUR,1.0,EPP,0.0
EUR,1.0,EWC,0.0
EUR,1.0,EWH,0.004287450999450891
EUR,1.0,EWJ,-0.008921430264643692
EUR,1.0,EWK,-0.006433558864608092
EUR,1.0,EWL,0.0
EUR,1.0,EWM,0.0
EUR,1.0,EWN,0.0
EUR,1.0,EWO,0.0
EUR,1.0,EWP,0.012341358776161557
EUR,1.0,EWS,0.0
EUR,1.0,EWT,0.0
EUR,1.0,EWW,0.0
EUR,1.0,EWY,0.0
EUR,1.0,EZA,0.0
EUR,1.0,FXE,0.0
EUR,1.0,FXI,0.0
EUR,1.0,GLD,0.04562904184834603
EUR,1.0,IBB,0.002619398944743398
EUR,1.0,IGE,0.0
EUR,1.0,ILF,0.0
EUR,1.0,IXP,0.0
EUR,1.0,IYF,0.0
EUR,1.0,IYR,0.0
EUR,1.0,IYT,0.0
EUR,1.0,LQD,0.0
EUR,1.0,PA=F,0.0018077066747740275
EUR,1.0,PBW,-0.021250204349965253
EUR,1.0,PEJ,0.0
EUR,1.0,PFM,0.0
EUR,1.0,SI=F,0.0
EUR,1.0,SMH,0.030334278910831288
EUR,1.0,SPYG,0.02533574705899556
EUR,1.0,TLT,0.0064945972936350385
EUR,1.0,VDC,0.02471049267692382
EUR,1.0,VOX,0.0
EUR,1.0,VPU,0.0021023350471090305
EUR,1.0,VWO,-0.025013208745519582
EUR,1.0,XLB,0.0
EUR,1.0,XLV,0.0
EUR,1.0,^BSESN,0.009601156956867144
EUR,1.0,^HSI,0.0
EUR,1.0,EUR,0.7049530337098839
EUR,1.0,SGD,0.0
EUR,1.0,USD,-0.047046484924378094
EUR,2.0,399001.SZ,0.02094461024140888
EUR,2.0,AGG,0.0
EUR,2.0,BBH,0.007413356408728166
EUR,2.0,DBC,-0.00671958602549677
EUR,2.0,EPP,0.0
EUR,2.0,EWC,0.0
EUR,2.0,EWH,0.006460180806697499
EUR,2.0,EWJ,-0.01531995464761511
EUR,2.0,EWK,-0.012011874524420648
EUR,2.0,EWL,0.0
EUR,2.0,EWM,0.0
EUR,2.0,EWN,0.0
EUR,2.0,EWO,0.0
EUR,2.0,EWP,0.02299104783768373
EUR,2.0,EWS,0.0
EUR,2.0,EWT,0.0
EUR,2.0,EWW,0.0
EUR,2.0,EWY,0.0
EUR,2.0,EZA,0.0
EUR,2.0,FXE,0.0
EUR,2.0,FXI,0.0
EUR,2.0,GLD,0.0828536678784894
EUR,2.0,IBB,0.005705890076337133
EUR,2.0,IGE,0.0
EUR,2.0,ILF,0.0
EUR,2.0,IXP,0.0
EUR,2.0,IYF,0.0
EUR,2.0,IYR,0.0
EUR,2.0,IYT,0.0
EUR,2.0,LQD,0.0
EUR,2.0,PA=F,0.0025714013387686265
EUR,2.0,PBW,-0.03763057232521349
EUR,2.0,PEJ,0.0
EUR,2.0,PFM,0.0
EUR,2.0,RTH,0.04663333241129408
EUR,2.0,SI=F,0.0
EUR,2.0,SMH,0.05861101142214175
EUR,2.0,TLT,0.009309592272658193
EUR,2.0,VDC,0.026499337579318303
EUR,2.0,VOX,0.0
EUR,2.0,VPU,0.008935765767316625
EUR,2.0,VWO,-0.04418163888153168
EUR,2.0,XLB,0.0
EUR,2.0,XLV,0.0
EUR,2.0,^BSESN,0.019044705376126677
EUR,2.0,^HSI,0.0
EUR,2.0,EUR,0.47934469987260125
EUR,2.0,SGD,0.0
EUR,2.0,USD,-0.08681777430615199
EUR,3.0,399001.SZ,0.03561060034913088
EUR,3.0,AGG,0.0
EUR,3.0,BBH,0.013162682514259913
EUR,3.0,DBC,-0.013735065685706982
EUR,3.0,EPP,0.0
EUR,3.0,EWC,0.0
EUR,3.0,EWH,0.011673559209615065
EUR,3.0,EWJ,-0.02495337391373395
EUR,3.0,EWK,-0.020772853452807615
EUR,3.0,EWL,0.0
EUR,3.0,EWM,0.0
EUR,3.0,EWN,0.0
EUR,3.0,EWO,0.0
EUR,3.0,EWP,0.03719930197970007
EUR,3.0,EWS,0.0
EUR,3.0,EWT,0.0
EUR,3.0,EWW,0.0
EUR,3.0,EWY,0.0
EUR,3.0,EZA,0.0
EUR,3.0,FXE,0.0
EUR,3.0,FXI,0.0
EUR,3.0,GLD,0.1434102132050441
EUR,3.0,IBB,0.014138284365365355
EUR,3.0,IGE,0.0
EUR,3.0,ILF,0.0
EUR,3.0,IXJ,0.0
EUR,3.0,IXP,0.0
EUR,3.0,IYC,0.04488767455479697
EUR,3.0,IYF,0.0
EUR,3.0,IYR,0.0
EUR,3.0,IYT,0.0
EUR,3.0,LQD,0.0
EUR,3.0,PA=F,0.004917011026460447
EUR,3.0,PBW,-0.06670355399150783
EUR,3.0,PEJ,0.0
EUR,3.0,PFM,0.0
EUR,3.0,SI=F,0.0
EUR,3.0,SMH,0.10729222180752748
EUR,3.0,TLT,0.017212054435195783
EUR,3.0,VDC,0.08066951576147156
EUR,3.0,VOX,0.0
EUR,3.0,VPU,0.011960836101236402
EUR,3.0,VWO,-0.07388414223369139
EUR,3.0,XLB,0.0
EUR,3.0,^BSESN,0.030923558403075625
EUR,3.0,^HSI,0.0
EUR,3.0,EUR,0.09930512862391386
EUR,3.0,SGD,0.0
EUR,3.0,USD,-0.14758836838575876
EUR,4.0,399001.SZ,0.04408488275915603
EUR,4.0,AGG,0.0
EUR,4.0,BBH,0.018154073662083672
EUR,4.0,DBC,-0.019097107132796755
EUR,4.0,EPP,0.0
EUR,4.0,EWC,0.0
EUR,4.0,EWH,0.0
EUR,4.0,EWJ,-0.024876049634940816
EUR,4.0,EWK,-0.006917329421902688
EUR,4.0,EWL,0.0
EUR,4.0,EWM,0.0
EUR,4.0,EWN,0.0
EUR,4.0,EWO,0.0
EUR,4.0,EWP,0.03806805021454127
EUR,4.0,EWS,0.0
EUR,4.0,EWT,0.0
EUR,4.0,EWW,0.0
EUR,4.0,EWY,0.0
EUR,4.0,EZA,0.0
EUR,4.0,FXE,0.0
EUR,4.0,FXI,0.0
EUR,4.0,GLD,0.18293206623218367
EUR,4.0,IBB,0.01402253604434378
EUR,4.0,IGE,0.0
EUR,4.0,ILCB,0.0
EUR,4.0,ILF,0.0
EUR,4.0,IXJ,0.0
EUR,4.0,IXP,0.0
EUR,4.0,IYC,0.04828667112976575
EUR,4.0,IYG,0.0
EUR,4.0,IYR,0.0
EUR,4.0,IYT,0.0
EUR,4.0,LQD,0.0
EUR,4.0,PA=F,0.0070903077656881645
EUR,4.0,PBW,-0.08446857898398777
EUR,4.0,PEJ,0.0
EUR,4.0,SI=F,0.0
EUR,4.0,SMH,0.1369064080698406
EUR,4.0,TLT,0.014708020561716698
EUR,4.0,VDC,0.093874142451518
EUR,4.0,VOX,0.0
EUR,4.0,VPU,0.013845960446590554
EUR,4.0,VWO,-0.07342820406048808
EUR,4.0,XLB,0.0
EUR,4.0,^BSESN,0.03171471723145227
EUR,4.0,^HSI,0.0
EUR,4.0,EUR,0.0
EUR,4.0,SGD,0.0
EUR,4.0,USD,-0.14752489419700354
EUR,5.0,399001.SZ,0.04787216612074943
EUR,5.0,AGG,0.0
EUR,5.0,BBH,0.02395634956872375
EUR,5.0,DBC,-0.02552462280922917
EUR,5.0,EPP,0.0
EUR,5.0,EWC,0.0
EUR,5.0,EWH,0.0
EUR,5.0,EWJ,-0.014478684346272351
EUR,5.0,EWK,0.0
EUR,5.0,EWL,0.0
EUR,5.0,EWM,0.0
EUR,5.0,EWN,0.0
EUR,5.0,EWO,0.0
EUR,5.0,EWP,0.03744453339701188
EUR,5.0,EWS,0.0
EUR,5.0,EWT,0.0
EUR,5.0,EWW,0.0
EUR,5.0,EWY,0.0
EUR,5.0,EZA,0.0
EUR,5.0,FXE,0.0
EUR,5.0,FXI,0.0
EUR,5.0,GLD,0.2256184586749907
EUR,5.0,IBB,0.010614237573261213
EUR,5.0,IGE,0.0
EUR,5.0,ILCB,0.0
EUR,5.0,ILF,0.0
EUR,5.0,IXJ,0.0
EUR,5.0,IXP,0.0
EUR,5.0,IYC,0.04110216990225983
EUR,5.0,IYG,0.0
EUR,5.0,IYR,0.0
EUR,5.0,IYT,0.0
EUR,5.0,LQD,0.0
EUR,5.0,PA=F,0.010352586261006307
EUR,5.0,PBW,-0.10098990344882339
EUR,5.0,PEJ,0.0
EUR,5.0,SI=F,0.0
EUR,5.0,SMH,0.16840864935216182
EUR,5.0,TLT,0.0
EUR,5.0,VDC,0.0988207285852278
EUR,5.0,VOX,0.0
EUR,5.0,VPU,0.015843412087667066
EUR,5.0,VWO,-0.05734588185251592
EUR,5.0,XLB,0.0
EUR,5.0,^BSESN,0.022637317191486265
EUR,5.0,^HSI,0.0
EUR,5.0,EUR,0.0
EUR,5.0,SGD,0.0
EUR,5.0,USD,-0.09899029882861309
EUR,6.0,399001.SZ,0.05119425438413919
EUR,6.0,AGG,0.0
EUR,6.0,BBH,0.031057354707386006
EUR,6.0,DBC,-0.028972467717291183
EUR,6.0,DVY,0.0
EUR,6.0,EPP,0.0
EUR,6.0,EWC,0.0
EUR,6.0,EWH,0.0
EUR,6.0,EWJ,0.0
EUR,6.0,EWK,0.0
EUR,6.0,EWL,0.0
EUR,6.0,EWM,0.0
EUR,6.0,EWN,0.0
EUR,6.0,EWO,0.0
EUR,6.0,EWP,0.042114079300974265
EUR,6.0,EWS,0.0
EUR,6.0,EWT,0.0
EUR,6.0,EWW,0.0
EUR,6.0,EWY,0.0
EUR,6.0,EZA,0.0
EUR,6.0,FXE,0.0
EUR,6.0,FXI,0.0
EUR,6.0,GLD,0.2756349845846846
EUR,6.0,IBB,0.005331340800720186
EUR,6.0,IGE,0.0
EUR,6.0,ILF,0.0
EUR,6.0,IXJ,0.0
EUR,6.0,IXP,0.0
EUR,6.0,IYC,0.03211068773490164
EUR,6.0,IYG,0.0
EUR,6.0,IYT,0.0
EUR,6.0,LQD,0.0
EUR,6.0,PA=F,0.014533320840909988
EUR,6.0,PBW,-0.12097406992821517
EUR,6.0,PEJ,0.0
EUR,6.0,SI=F,0.0
EUR,6.0,SMH,0.20822756361131642
EUR,6.0,TLT,0.0
EUR,6.0,VDC,0.10108319028523281
EUR,6.0,VNQ,0.0
EUR,6.0,VOX,0.0
EUR,6.0,VPU,0.01444958629035689
EUR,6.0,VWO,-0.025765477310750712
EUR,6.0,XLB,0.0
EUR,6.0,^BSESN,0.008283103991699394
EUR,6.0,^HSI,0.0
EUR,6.0,EUR,0.0
EUR,6.0,SGD,0.0
EUR,6.0,USD,-0.04026851851142157
EUR,7.0,399001.SZ,0.05521795749177559
EUR,7.0,AGG,0.0
EUR,7.0,BBH,0.05019868607029018
EUR,7.0,DBC,0.0
EUR,7.0,DVY,0.0
EUR,7.0,EPP,0.0
EUR,7.0,EWC,0.0
EUR,7.0,EWH,0.0
EUR,7.0,EWJ,0.0
EUR,7.0,EWK,0.0
EUR,7.0,EWL,0.0
EUR,7.0,EWM,0.0
EUR,7.0,EWN,0.0
EUR,7.0,EWO,0.0
EUR,7.0,EWP,0.0
EUR,7.0,EWS,0.0
EUR,7.0,EWT,0.0
EUR,7.0,EWW,0.0
EUR,7.0,EWY,0.0
EUR,7.0,EZA,0.0
EUR,7.0,FXE,0.0
EUR,7.0,FXI,0.0
EUR,7.0,GLD,0.336155012961688
EUR,7.0,IBB,0.0
EUR,7.0,ILF,0.0
EUR,7.0,IXJ,0.0
EUR,7.0,IXP,0.0
EUR,7.0,IYC,0.0
EUR,7.0,IYE,0.0
EUR,7.0,IYG,0.0
EUR,7.0,IYT,0.0
EUR,7.0,LQD,0.0
EUR,7.0,PA=F,0.023981720165766683
EUR,7.0,PBW,-0.11189812788784916
EUR,7.0,PEJ,0.0
EUR,7.0,SI=F,0.00707334586767908
EUR,7.0,SMH,0.3071621951946563
EUR,7.0,TLT,0.0
EUR,7.0,VDC,0.10831295436029517
EUR,7.0,VNQ,0.0
EUR,7.0,VOX,0.0
EUR,7.0,VPU,0.0
EUR,7.0,VWO,0.0
EUR,7.0,XLB,0.0
EUR,7.0,^BSESN,0.0
EUR,7.0,^HSI,0.0
EUR,7.0,EUR,0.0
EUR,7.0,SGD,0.0
EUR,7.0,USD,0.0
EUR,8.0,399001.SZ,0.05241967027925427
EUR,8.0,BBH,0.07041532355142223
EUR,8.0,DBC,0.0
EUR,8.0,EPP,0.0
EUR,8.0,EWC,0.0
EUR,8.0,EWH,0.0
EUR,8.0,EWJ,0.0
EUR,8.0,EWK,0.0
EUR,8.0,EWL,0.0
EUR,8.0,EWM,0.0
EUR,8.0,EWN,0.0
EUR,8.0,EWO,0.0
EUR,8.0,EWP,0.0
EUR,8.0,EWS,0.0
EUR,8.0,EWT,0.0
EUR,8.0,EWW,0.0
EUR,8.0,EWY,0.0
EUR,8.0,EZA,0.0
EUR,8.0,FXE,0.0
EUR,8.0,FXI,0.0
EUR,8.0,GLD,0.366123100270769
EUR,8.0,IBB,0.0
EUR,8.0,ILF,0.0
EUR,8.0,IXJ,0.0
EUR,8.0,IXP,0.0
EUR,8.0,IYE,0.0
EUR,8.0,IYG,0.0
EUR,8.0,IYT,0.0
EUR,8.0,LQD,0.0
EUR,8.0,PA=F,0.03307080200648942
EUR,8.0,PBW,-0.04295721968346256
EUR,8.0,PEJ,0.0
EUR,8.0,SI=F,0.03763517184274593
EUR,8.0,SMH,0.3973787123658567
EUR,8.0,TIP,0.0
EUR,8.0,TLT,0.0
EUR,8.0,VDC,0.0
EUR,8.0,VNQ,0.0
EUR,8.0,VOX,0.0
EUR,8.0,VPU,0.0
EUR,8.0,VWO,0.0
EUR,8.0,XLB,0.0
EUR,8.0,XLI,0.0
EUR,8.0,XLY,0.0
EUR,8.0,^BSESN,0.0
EUR,8.0,^HSI,0.0
EUR,8.0,EUR,0.0
EUR,8.0,SGD,0.0
EUR,8.0,USD,0.0
EUR,9.0,399001.SZ,0.03134732920167655
EUR,9.0,BBH,0.10895224460786827
EUR,9.0,DBC,0.0
EUR,9.0,EPP,0.0
EUR,9.0,EWC,0.0
EUR,9.0,EWH,0.0
EUR,9.0,EWJ,0.0
EUR,9.0,EWK,0.0
EUR,9.0,EWL,0.0
EUR,9.0,EWM,0.0
EUR,9.0,EWN,0.0
EUR,9.0,EWO,0.0
EUR,9.0,EWP,0.0
EUR,9.0,EWS,0.0
EUR,9.0,EWT,0.0
EUR,9.0,EWW,0.0
EUR,9.0,EWY,0.0
EUR,9.0,EWZ,0.0
EUR,9.0,EZA,0.0
EUR,9.0,FXE,0.0
EUR,9.0,FXI,0.0
EUR,9.0,GLD,0.21172590866090085
EUR,9.0,IBB,0.0
EUR,9.0,ISCV,0.0
EUR,9.0,IXJ,0.0
EUR,9.0,IXP,0.0
EUR,9.0,IYE,0.0
EUR,9.0,IYG,0.0
EUR,9.0,IYT,0.0
EUR,9.0,LQD,0.0
EUR,9.0,PA=F,0.05315408605469642
EUR,9.0,PBW,0.0
EUR,9.0,PEJ,0.0
EUR,9.0,SI=F,0.16618295208412412
EUR,9.0,SOXX,0.4286374793907339
EUR,9.0,TIP,0.0
EUR,9.0,TLT,0.0
EUR,9.0,VDC,0.0
EUR,9.0,VNQ,0.0
EUR,9.0,VOX,0.0
EUR,9.0,VPU,0.0
EUR,9.0,VWO,0.0
EUR,9.0,XLB,0.0
EUR,9.0,XLY,0.0
EUR,9.0,^BSESN,0.0
EUR,9.0,^HSI,0.0
EUR,9.0,EUR,0.0
EUR,9.0,SGD,0.0
EUR,9.0,USD,0.0
EUR,10.0,399001.SZ,0.0
EUR,10.0,BBH,0.0
EUR,10.0,DBC,0.0
EUR,10.0,EPP,0.0
EUR,10.0,EWC,0.0
EUR,10.0,EWH,0.0
EUR,10.0,EWJ,0.0
EUR,10.0,EWK,0.0
EUR,10.0,EWL,0.0
EUR,10.0,EWM,0.0
EUR,10.0,EWN,0.0
EUR,10.0,EWO,0.0
EUR,10.0,EWP,0.0
EUR,10.0,EWS,0.0
EUR,10.0,EWT,0.0
EUR,10.0,EWW,0.0
EUR,10.0,EWY,0.0
EUR,10.0,EWZ,0.0
EUR,10.0,EZA,0.0
EUR,10.0,FXE,0.0
EUR,10.0,FXI,0.0
EUR,10.0,GLD,0.0
EUR,10.0,IBB,0.0
EUR,10.0,IJS,0.0
EUR,10.0,IXJ,0.0
EUR,10.0,IXP,0.0
EUR,10.0,IYG,0.0
EUR,10.0,IYT,0.0
EUR,10.0,LQD,0.0
EUR,10.0,OIH,0.0
EUR,10.0,PA=F,0.0626636393375519
EUR,10.0,PBW,0.0
EUR,10.0,PEJ,0.0
EUR,10.0,SI=F,0.22324150520866481
EUR,10.0,SOXX,0.7140948554537833
EUR,10.0,TIP,0.0
EUR,10.0,TLT,0.0
EUR,10.0,VDC,0.0
EUR,10.0,VNQ,0.0
EUR,10.0,VOX,0.0
EUR,10.0,VPU,0.0
EUR,10.0,VWO,0.0
EUR,10.0,XLB,0.0
EUR,10.0,XLY,0.0
EUR,10.0,^BSESN,0.0
EUR,10.0,^HSI,0.0
EUR,10.0,EUR,0.0
EUR,10.0,SGD,0.0
EUR,10.0,USD,0.0
SGD,0.0,399001.SZ,0.0014384417679287544
SGD,0.0,AGG,0.0
SGD,0.0,BBH,0.0005562437415512885
SGD,0.0,DBC,0.0
SGD,0.0,EWC,0.0
SGD,0.0,EWH,0.0
SGD,0.0,EWJ,-0.001151586488135864
SGD,0.0,EWL,0.0
SGD,0.0,EWM,0.0
SGD,0.0,EWN,0.0
SGD,0.0,EWO,0.0
SGD,0.0,EWP,0.0009065489819649434
SGD,0.0,EWS,0.0008696375047442873
SGD,0.0,EWT,0.0
SGD,0.0,EWW,0.0
SGD,0.0,EWY,0.0
SGD,0.0,EZA,0.0
SGD,0.0,FVD,0.0015121635976617954
SGD,0.0,FXE,-0.002921430881915039
SGD,0.0,FXI,0.0
SGD,0.0,GLD,0.005577885881247475
SGD,0.0,IBB,0.0
SGD,0.0,IEF,0.004293387721440453
SGD,0.0,IGE,0.0
SGD,0.0,ILF,0.0
SGD,0.0,IXP,0.0
SGD,0.0,IYF,0.0
SGD,0.0,IYR,0.0
SGD,0.0,IYT,0.0
SGD,0.0,LQD,0.0
SGD,0.0,PA=F,0.000297178299775699
SGD,0.0,PBJ,0.0
SGD,0.0,PBW,-0.002383968630797567
SGD,0.0,PEJ,0.0
SGD,0.0,PFM,0.0
SGD,0.0,RTH,0.0023524844748609433
SGD,0.0,SI=F,0.0
SGD,0.0,SMH,0.0035110227527107053
SGD,0.0,SPYG,0.001981720507614053
SGD,0.0,TIP,0.0
SGD,0.0,VOX,0.0
SGD,0.0,VPU,0.0
SGD,0.0,VWO,-0.002040429807112017
SGD,0.0,XLB,0.0
SGD,0.0,XLP,0.0014833631743644798
SGD,0.0,XLV,0.0
SGD,0.0,^AXJO,-0.002467537112524779
SGD,0.0,^BSESN,0.0014727628916880587
SGD,0.0,^HSI,0.0
SGD,0.0,SGD,0.9565569805823367
SGD,0.0,USD,-0.006225225199625056
SGD,1.0,399001.SZ,0.010515559989225532
SGD,1.0,AGG,0.0
SGD,1.0,BBH,0.004637018853094942
SGD,1.0,DBC,-0.00264935520001556
SGD,1.0,EPP,0.0
SGD,1.0,EWC,0.0
SGD,1.0,EWH,0.0
SGD,1.0,EWJ,-0.009428791308621069
SGD,1.0,EWL,0.0
SGD,1.0,EWM,0.0
SGD,1.0,EWN,0.0
SGD,1.0,EWO,0.0
SGD,1.0,EWP,0.005864792567022345
SGD,1.0,EWS,0.004431139743681705
SGD,1.0,EWT,0.0
SGD,1.0,EWW,0.0
SGD,1.0,EWY,0.0
SGD,1.0,EZA,0.0
SGD,1.0,FVD,0.007170710553868437
SGD,1.0,FXE,-0.020442999967057708
SGD,1.0,FXI,0.0
SGD,1.0,GLD,0.042366358120347204
SGD,1.0,IBB,0.0
SGD,1.0,IEF,0.03096638387889017
SGD,1.0,IGE,0.0
SGD,1.0,ILF,0.0
SGD,1.0,IXP,0.0
SGD,1.0,IYF,0.0
SGD,1.0,IYR,0.0
SGD,1.0,IYT,0.0
SGD,1.0,LQD,0.0
SGD,1.0,PA=F,0.001688454996019438
SGD,1.0,PBJ,0.0
SGD,1.0,PBW,-0.019612937818969632
SGD,1.0,PEJ,0.0
SGD,1.0,PFM,0.0
SGD,1.0,RTH,0.019286580191555512
SGD,1.0,SI=F,0.0
SGD,1.0,SMH,0.02829630174984383
SGD,1.0,SPYG,0.009517895124520101
SGD,1.0,TIP,0.0
SGD,1.0,VDC,0.011727268820484863
SGD,1.0,VOX,0.0
SGD,1.0,VPU,0.0
SGD,1.0,VWO,-0.01855683952339155
SGD,1.0,XLB,0.0
SGD,1.0,XLV,0.0
SGD,1.0,^BSESN,0.009497752419256397
SGD,1.0,^HSI,0.0
SGD,1.0,SGD,0.7099707001603931
SGD,1.0,USD,-0.033372159013740854
SGD,2.0,399001.SZ,0.018730110161150282
SGD,2.0,AGG,0.0
SGD,2.0,BBH,0.008384640226561942
SGD,2.0,DBC,-0.0050594021883517545
SGD,2.0,EPP,0.0
SGD,2.0,EWC,0.0
SGD,2.0,EWH,0.0
SGD,2.0,EWJ,-0.016812055521051552
SGD,2.0,EWL,0.0
SGD,2.0,EWM,0.0
SGD,2.0,EWN,0.0
SGD,2.0,EWO,0.0
SGD,2.0,EWP,0.008756199858535511
SGD,2.0,EWS,0.008176194396269883
SGD,2.0,EWT,0.0
SGD,2.0,EWW,0.0
SGD,2.0,EWY,0.0
SGD,2.0,EZA,0.0
SGD,2.0,FVD,0.012471318012417645
SGD,2.0,FXI,0.0
SGD,2.0,GLD,0.07479315061150806
SGD,2.0,IBB,0.0
SGD,2.0,IEF,0.05358912560049533
SGD,2.0,IGE,0.0
SGD,2.0,ILF,0.0
SGD,2.0,IXP,0.0
SGD,2.0,IYF,0.0
SGD,2.0,IYR,0.0
SGD,2.0,IYT,0.0
SGD,2.0,LQD,0.0
SGD,2.0,PA=F,0.0029360825147331524
SGD,2.0,PBJ,0.0
SGD,2.0,PBW,-0.035112099081158706
SGD,2.0,PEJ,0.0
SGD,2.0,PFM,0.0
SGD,2.0,RTH,0.03465065452659171
SGD,2.0,SI=F,0.0
SGD,2.0,SMH,0.05112050004620753
SGD,2.0,SPYG,0.016373990332135203
SGD,2.0,TIP,0.0
SGD,2.0,VDC,0.02176373513568665
SGD,2.0,VOX,0.0
SGD,2.0,VPU,0.0
SGD,2.0,VWO,-0.03328463799439901
SGD,2.0,XLB,0.0
SGD,2.0,XLV,0.0
SGD,2.0,^BSESN,0.01736353561039095
SGD,2.0,^HSI,0.0
SGD,2.0,EUR,-0.0303757134888967
SGD,2.0,SGD,0.48765355992432224
SGD,2.0,USD,-0.06259329476913619
SGD,3.0,399001.SZ,0.031600734443450684
SGD,3.0,AGG,0.0
SGD,3.0,BBH,0.013340264161072462
SGD,3.0,DBC,-0.012062252245292221
SGD,3.0,EPP,0.0
SGD,3.0,EWC,0.0
SGD,3.0,EWH,0.007364072742189942
SGD,3.0,EWJ,-0.029007920275396896
SGD,3.0,EWL,0.0
SGD,3.0,EWM,0.0
SGD,3.0,EWN,0.0
SGD,3.0,EWO,0.0
SGD,3.0,EWP,0.015698800450219753
SGD,3.0,EWS,0.01344198163205845
SGD,3.0,EWT,0.0
SGD,3.0,EWW,0.0
SGD,3.0,EWY,0.0
SGD,3.0,EZA,0.0
SGD,3.0,FXI,0.0
SGD,3.0,GLD,0.12951208465317993
SGD,3.0,IBB,0.006472780990500317
SGD,3.0,IEF,0.09614731794039773
SGD,3.0,IGE,0.0
SGD,3.0,ILF,0.0
SGD,3.0,IXJ,0.0
SGD,3.0,IXP,0.0
SGD,3.0,IYC,0.0
SGD,3.0,IYF,0.0
SGD,3.0,IYR,0.0
SGD,3.0,IYT,0.0
SGD,3.0,LQD,0.0
SGD,3.0,PA=F,0.005982273416927391
SGD,3.0,PBJ,0.0
SGD,3.0,PBW,-0.06126294535966154
SGD,3.0,PEJ,0.0
SGD,3.0,PFM,0.0
SGD,3.0,SDY,0.0
SGD,3.0,SI=F,0.0
SGD,3.0,SMH,0.09150195038837561
SGD,3.0,SPYG,0.06835981586135671
SGD,3.0,TIP,0.0
SGD,3.0,VDC,0.07841685404646466
SGD,3.0,VOX,0.0
SGD,3.0,VPU,0.0
SGD,3.0,VWO,-0.06097795332730421
SGD,3.0,XLB,0.0
SGD,3.0,^BSESN,0.02904667873018456
SGD,3.0,^HSI,0.0
SGD,3.0,EUR,-0.05681888672737601
SGD,3.0,SGD,0.0877277699861122
SGD,3.0,USD,-0.10525666262247863
SGD,4.0,399001.SZ,0.03985152871366177
SGD,4.0,AGG,0.0
SGD,4.0,BBH,0.017756557473545907
SGD,4.0,DBC,-0.01877481874501118
SGD,4.0,DVY,0.0
SGD,4.0,EPP,0.0
SGD,4.0,EWC,0.0
SGD,4.0,EWH,0.0
SGD,4.0,EWJ,-0.03126449955941564
SGD,4.0,EWL,0.0
SGD,4.0,EWM,0.0
SGD,4.0,EWN,0.0
SGD,4.0,EWO,0.0
SGD,4.0,EWP,0.008124621894137304
SGD,4.0,EWS,0.014281476356891322
SGD,4.0,EWT,0.0
SGD,4.0,EWW,0.0
SGD,4.0,EWY,0.0
SGD,4.0,EZA,0.0
SGD,4.0,FXI,0.0
SGD,4.0,GLD,0.1728332427818798
SGD,4.0,IBB,0.009092142123194393
SGD,4.0,IEF,0.09388569766214175
SGD,4.0,IGE,0.0
SGD,4.0,ILF,0.0
SGD,4.0,IXJ,0.0
SGD,4.0,IXP,0.0
SGD,4.0,IYC,0.0
SGD,4.0,IYR,0.0
SGD,4.0,IYT,0.0
SGD,4.0,KIE,0.023699196448754567
SGD,4.0,LQD,0.0
SGD,4.0,PA=F,0.008478448841865764
SGD,4.0,PBJ,0.0
SGD,4.0,PBW,-0.08138977054766468
SGD,4.0,PEJ,0.0
SGD,4.0,PFM,0.0
SGD,4.0,SI=F,0.0
SGD,4.0,SMH,0.1240828579302979
SGD,4.0,SPYG,0.06512657901126558
SGD,4.0,TIP,0.0
SGD,4.0,VDC,0.09093613274214246
SGD,4.0,VOX,0.0
SGD,4.0,VPU,0.003658043124815867
SGD,4.0,VWO,-0.05803986124112277
SGD,4.0,XLB,0.0
SGD,4.0,^BSESN,0.03305216392117475
SGD,4.0,^HSI,0.0
SGD,4.0,EUR,-0.04108633747473623
SGD,4.0,SGD,0.0
SGD,4.0,USD,-0.06458602340628046
SGD,5.0,399001.SZ,0.04521888876819103
SGD,5.0,AGG,0.0
SGD,5.0,BBH,0.028357976525135668
SGD,5.0,DBC,-0.02521894970057337
SGD,5.0,DVY,0.008940468157913379
SGD,5.0,EPP,0.0
SGD,5.0,EWC,0.0
SGD,5.0,EWH,0.0
SGD,5.0,EWJ,-0.02458904214168553
SGD,5.0,EWK,-0.0053035612980839196
SGD,5.0,EWL,0.0
SGD,5.0,EWM,0.0
SGD,5.0,EWO,0.0
SGD,5.0,EWP,0.0012031992898552926
SGD,5.0,EWS,0.008520376108652989
SGD,5.0,EWT,0.0
SGD,5.0,EWW,0.0
SGD,5.0,EWY,0.0
SGD,5.0,EZA,0.0
SGD,5.0,FXI,-0.0032571503910672184
SGD,5.0,GLD,0.22236540240887795
SGD,5.0,IBB,0.0070345181230404554
SGD,5.0,IEF,0.0584876242738961
SGD,5.0,IGE,0.0
SGD,5.0,ILCB,0.0
SGD,5.0,ILF,0.0
SGD,5.0,IXJ,0.0
SGD,5.0,IXP,0.0
SGD,5.0,IYC,0.0
SGD,5.0,IYG,0.0
SGD,5.0,IYR,0.0
SGD,5.0,IYT,0.0
SGD,5.0,LQD,0.0
SGD,5.0,PA=F,0.01365656832692978
SGD,5.0,PBJ,0.0
SGD,5.0,PBW,-0.09885665141073043
SGD,5.0,PEJ,0.0
SGD,5.0,SI=F,0.0
SGD,5.0,SMH,0.11043957427028214
SGD,5.0,TIP,0.0
SGD,5.0,VDC,0.1080183468434678
SGD,5.0,VOX,0.0
SGD,5.0,VPU,0.013115461945295533
SGD,5.0,VWO,-0.04020864228746036
SGD,5.0,XLB,0.0
SGD,5.0,XLK,0.1411165574582441
SGD,5.0,^BSESN,0.03609104027061693
SGD,5.0,^HSI,0.0
SGD,5.0,EUR,0.0
SGD,5.0,SGD,0.0
SGD,5.0,USD,0.0
SGD,6.0,399001.SZ,0.05088585387483739
SGD,6.0,AGG,0.0
SGD,6.0,BBH,0.039830710641400244
SGD,6.0,DBC,-0.019016170234797368
SGD,6.0,DVY,0.0
SGD,6.0,EPP,0.0
SGD,6.0,EWC,0.0
SGD,6.0,EWH,0.0
SGD,6.0,EWJ,0.0
SGD,6.0,EWK,0.0
SGD,6.0,EWL,0.0
SGD,6.0,EWM,0.0
SGD,6.0,EWO,0.0
SGD,6.0,EWP,0.0
SGD,6.0,EWS,0.0
SGD,6.0,EWT,0.0
SGD,6.0,EWW,0.0
SGD,6.0,EWY,0.0
SGD,6.0,EZA,0.0
SGD,6.0,FXI,-0.008793423094965579
SGD,6.0,GLD,0.27001215606529383
SGD,6.0,IBB,0.0
SGD,6.0,IEF,0.021198876385142958
SGD,6.0,IGE,0.0
SGD,6.0,ILCB,0.0
SGD,6.0,ILF,0.0
SGD,6.0,IXJ,0.0
SGD,6.0,IXP,0.0
SGD,6.0,IYC,0.0
SGD,6.0,IYG,0.0
SGD,6.0,IYT,0.0
SGD,6.0,LQD,0.0
SGD,6.0,PA=F,0.016107992823420965
SGD,6.0,PBJ,0.0
SGD,6.0,PBW,-0.1225753086435274
SGD,6.0,PEJ,0.0
SGD,6.0,SI=F,0.0
SGD,6.0,SMH,0.12658129125047227
SGD,6.0,TIP,0.0
SGD,6.0,VDC,0.12050962158336416
SGD,6.0,VNQ,0.0
SGD,6.0,VOX,0.0
SGD,6.0,VPU,0.011927988793053373
SGD,6.0,VWO,-0.0033899471670643926
SGD,6.0,XLB,0.0
SGD,6.0,XLK,0.17161404710745684
SGD,6.0,^BSESN,0.01755661233520328
SGD,6.0,^HSI,0.0
SGD,6.0,EUR,0.0
SGD,6.0,SGD,0.0
SGD,6.0,USD,0.0
SGD,7.0,399001.SZ,0.04860575561626055
SGD,7.0,AGG,0.0
SGD,7.0,BBH,0.057046801902653356
SGD,7.0,DBC,0.0
SGD,7.0,DVY,0.0
SGD,7.0,EPP,0.0
SGD,7.0,EWC,0.0
SGD,7.0,EWH,0.0
SGD,7.0,EWJ,0.0
SGD,7.0,EWK,0.0
SGD,7.0,EWL,0.0
SGD,7.0,EWM,0.0
SGD,7.0,EWO,0.0
SGD,7.0,EWP,0.0
SGD,7.0,EWS,0.0
SGD,7.0,EWT,0.0
SGD,7.0,EWW,0.0
SGD,7.0,EWY,0.0
SGD,7.0,EZA,0.0
SGD,7.0,FXI,0.0
SGD,7.0,GLD,0.31950481746965365
SGD,7.0,IBB,0.0
SGD,7.0,IEF,0.0
SGD,7.0,ILF,0.0
SGD,7.0,IXJ,0.0
SGD,7.0,IXP,0.0
SGD,7.0,IYC,0.0
SGD,7.0,IYE,0.0
SGD,7.0,IYG,0.0
SGD,7.0,IYT,0.0
SGD,7.0,LQD,0.0
SGD,7.0,PA=F,0.02479819791241151
SGD,7.0,PBJ,0.0
SGD,7.0,PBW,-0.11029998482898273
SGD,7.0,PEJ,0.0
SGD,7.0,SI=F,0.0
SGD,7.0,SMH,0.16805902456897712
SGD,7.0,TIP,0.0
SGD,7.0,VDC,0.038761173466723246
SGD,7.0,VNQ,0.0
SGD,7.0,VOX,0.0
SGD,7.0,VPU,0.0
SGD,7.0,VWO,0.0
SGD,7.0,XLB,0.0
SGD,7.0,XLI,0.0
SGD,7.0,XLK,0.23292424423433786
SGD,7.0,^BSESN,0.0
SGD,7.0,^HSI,0.0
SGD,7.0,EUR,0.0
SGD,7.0,SGD,0.0
SGD,7.0,USD,0.0
SGD,8.0,399001.SZ,0.034818783971663395
SGD,8.0,AGG,0.0
SGD,8.0,BBH,0.05669997908834744
SGD,8.0,DBC,0.0
SGD,8.0,DVY,0.0
SGD,8.0,EPP,0.0
SGD,8.0,EWC,0.0
SGD,8.0,EWH,0.0
SGD,8.0,EWJ,0.0
SGD,8.0,EWK,0.0
SGD,8.0,EWL,0.0
SGD,8.0,EWM,0.0
SGD,8.0,EWO,0.0
SGD,8.0,EWP,0.0
SGD,8.0,EWS,0.0
SGD,8.0,EWT,0.0
SGD,8.0,EWW,0.0
SGD,8.0,EWY,0.0
SGD,8.0,EZA,0.0
SGD,8.0,FXI,0.0
SGD,8.0,GLD,0.3038674009942973
SGD,8.0,IBB,0.0
SGD,8.0,IEF,0.0
SGD,8.0,ILF,0.0
SGD,8.0,IXJ,0.0
SGD,8.0,IXP,0.0
SGD,8.0,IYE,0.0
SGD,8.0,IYG,0.0
SGD,8.0,IYT,0.0
SGD,8.0,LQD,0.0
SGD,8.0,PA=F,0.03185627171596798
SGD,8.0,PBJ,0.0
SGD,8.0,PBW,-0.05181662244673593
SGD,8.0,PEJ,0.0
SGD,8.0,QQQ,0.23836109785350368
SGD,8.0,SI=F,0.03316716063488621
SGD,8.0,SMH,0.249412683294598
SGD,8.0,TIP,0.0
SGD,8.0,VDC,0.0
SGD,8.0,VNQ,0.0
SGD,8.0,VOX,0.0
SGD,8.0,VPU,0.0
SGD,8.0,VWO,0.0
SGD,8.0,XLB,0.0
SGD,8.0,XLI,0.0
SGD,8.0,XLY,0.0
SGD,8.0,^BSESN,0.0
SGD,8.0,^HSI,0.0
SGD,8.0,EUR,0.0
SGD,8.0,SGD,0.0
SGD,8.0,USD,0.0
SGD,9.0,399001.SZ,0.0
SGD,9.0,AGG,0.0
SGD,9.0,BBH,0.06775348673960788
SGD,9.0,DBC,0.0
SGD,9.0,DVY,0.0
SGD,9.0,EPP,0.0
SGD,9.0,EWC,0.0
SGD,9.0,EWH,0.0
SGD,9.0,EWJ,0.0
SGD,9.0,EWK,0.0
SGD,9.0,EWL,0.0
SGD,9.0,EWM,0.0
SGD,9.0,EWO,0.0
SGD,9.0,EWP,0.0
SGD,9.0,EWS,0.0
SGD,9.0,EWT,0.0
SGD,9.0,EWW,0.0
SGD,9.0,EWY,0.0
SGD,9.0,EWZ,0.0
SGD,9.0,EZA,0.0
SGD,9.0,FXI,0.0
SGD,9.0,GLD,0.101570156092237
SGD,9.0,IBB,0.0
SGD,9.0,IEF,0.0
SGD,9.0,ISCV,0.0
SGD,9.0,IXJ,0.0
SGD,9.0,IXP,0.0
SGD,9.0,IYE,0.0
SGD,9.0,IYG,0.0
SGD,9.0,IYT,0.0
SGD,9.0,LQD,0.0
SGD,9.0,PA=F,0.04743320467165045
SGD,9.0,PBJ,0.0
SGD,9.0,PBW,0.0
SGD,9.0,PEJ,0.0
SGD,9.0,QQQ,0.45747307586688235
SGD,9.0,SI=F,0.1789124788496761
SGD,9.0,SOXX,0.14685759777994625
SGD,9.0,TIP,0.0
SGD,9.0,VDC,0.0
SGD,9.0,VNQ,0.0
SGD,9.0,VOX,0.0
SGD,9.0,VPU,0.0
SGD,9.0,VWO,0.0
SGD,9.0,XLB,0.0
SGD,9.0,XLY,0.0
SGD,9.0,^BSESN,0.0
SGD,9.0,^HSI,0.0
SGD,9.0,EUR,0.0
SGD,9.0,SGD,0.0
SGD,9.0,USD,0.0
SGD,10.0,399001.SZ,0.0
SGD,10.0,AGG,0.0
SGD,10.0,BBH,0.0
SGD,10.0,DBC,0.0
SGD,10.0,DVY,0.0
SGD,10.0,EPP,0.0
SGD,10.0,EWC,0.0
SGD,10.0,EWH,0.0
SGD,10.0,EWJ,0.0
SGD,10.0,EWK,0.0
SGD,10.0,EWL,0.0
SGD,10.0,EWM,0.0
SGD,10.0,EWO,0.0
SGD,10.0,EWP,0.0
SGD,10.0,EWS,0.0
SGD,10.0,EWT,0.0
SGD,10.0,EWW,0.0
SGD,10.0,EWY,0.0
SGD,10.0,EWZ,0.0
SGD,10.0,EZA,0.0
SGD,10.0,FXI,0.0
SGD,10.0,GLD,0.0
SGD,10.0,IBB,0.0
SGD,10.0,IEF,0.0
SGD,10.0,IJS,0.0
SGD,10.0,IXJ,0.0
SGD,10.0,IXP,0.0
SGD,10.0,IYG,0.0
SGD,10.0,IYT,0.0
SGD,10.0,LQD,0.0
SGD,10.0,OIH,0.0
SGD,10.0,PA=F,0.057154092860399276
SGD,10.0,PBJ,0.0
SGD,10.0,PBW,0.0
SGD,10.0,PEJ,0.0
SGD,10.0,QQQ,0.0
SGD,10.0,SI=F,0.2262161919582152
SGD,10.0,SOXX,0.7166297151813854
SGD,10.0,TIP,0.0
SGD,10.0,VDC,0.0
SGD,10.0,VNQ,0.0
SGD,10.0,VOX,0.0
SGD,10.0,VPU,0.0
SGD,10.0,VWO,0.0
SGD,10.0,XLB,0.0
SGD,10.0,XLY,0.0
SGD,10.0,^BSESN,0.0
SGD,10.0,^HSI,0.0
SGD,10.0,EUR,0.0
SGD,10.0,SGD,0.0
SGD,10.0,USD,0.0
